userName,score,at,content
Rijal Juniar,1,2025-12-11 00:32:34,klo bikin aplikasi yang bener napa ketimbang upload foto g bisa take foto cuman bisa kamera depan mana g bisa d fokusin kemeranya niat ga si jadi pengurus negara
maulia,1,2025-12-10 15:48:52,jelek ğŸ‘ğŸ¤Ÿ
perwira simanjuntak,1,2025-12-10 06:41:53,"deplover ga jelas, ada gak ada aplikasi sama aja ribet, besok besok jadi deplover pripayer aja"
Nina Masinem,5,2025-12-10 04:04:18,belum ada pengalaman mengisi Aplikasi ini dengan hp
Sudirman,1,2025-12-09 10:31:36,"tidak ada menu ""lupa sandi"" tolong perbaiki"
Agung Yustian,5,2025-12-09 07:54:18,good apk
Nur Annisa,1,2025-12-08 16:45:18,"saat daftar susah nya minta ampun setelah berhari-hari baru berhasil, nah sekarang mau reset password aja dibikin lebih sulit lagi,perbaiki lagi lah sistem nya ini mah kalo bisa dikasih 0.5â­"
Rio,1,2025-12-08 15:40:44,ga guna. sulit digunakan
MAS Ijonk Khan,1,2025-12-08 12:06:15,"ribet gak bisa masuk, dan tidak ada menu lupa pasword"
Roy,1,2025-12-08 03:02:09,Aplikasi tolol kode otp salah terus
Gina Hidayanti,1,2025-12-06 12:37:06,"ini aplikasi udah rampung? kalau udah rampung makan biaya berapa M?dicomot berapa M? parah gini, sayang buang buang duit rakyat bikin apk setengah-setengah,GAJE mempersulit yg bayar pajak yg dapet subsidi mana ngerti"
Erwin Iu,1,2025-12-06 11:28:20,lupa pasword bagaimna caranya?
Blackjack 1997,1,2025-12-06 05:32:34,"ribet heyy , dana miliyaran applikasi buruk rupa"
Libra,1,2025-12-06 02:03:33,tak bisa loginn tololl
tara somplak,1,2025-12-05 22:23:18,mohon untuk di permudah cara merubah pasword yg sudah lupa... udah menciba berbagai cara tetap gagal .. ujung ujungnya tetap pakai website.
Gita Qomaril,1,2025-12-05 18:24:21,daftar NPWP aja di persulit! sebenarnya niat gak sih buat aplikasinya?
Zya Khy,1,2025-12-05 07:15:58,"Tolong lah ini kalo aplikasi nya belum siap jangan dulu di publish perbaiki dulu coba dulu sendiri, kata nya mau di benerin mau di siapin tim it hebat tapi sampe sekarang masih kek gini apk nya tolong lah jangan cuma omon omon katanya semua serba online biar mempermudah segalanya tapi yang ada malah makin ribet terus kemudahannya darimana? gak di web gak di apk SAMA AJA!!! padahal mau ngasih pemerintah duit buat di korupsi tapi malah di persulit"
Kamal Ramadhan,1,2025-12-05 04:17:15,untuk login saja sulit sekali
Idonz Zhabana,1,2025-12-05 01:14:51,menu untuk laporan pajaknya mana ini??
Ojuma Course,1,2025-12-04 17:12:32,"loginnnya ribet, selalu eror padahal user name sama password udah benar. apk cacat nggk guna dari pemerintah.ğŸ‘ğŸ‘"
Maida Hili,1,2025-12-04 16:08:59,masarakat dipersulit mendaftar jing
Khoirul Hasan bisri,1,2025-12-04 11:05:04,hati2 ini aplikasi bajak hp. saldo di shopee SM mbanking kekuras! tolong dari pihak playstore lebih bijak! pihak perpajakan tidak mengeluarkan aplikasi. tp lewat web
Anita Julianti,1,2025-12-04 09:14:58,apk ga guna
ROMI NOVRIANSYAH,1,2025-12-04 09:02:47,"APLIKASI GA GUNA, PAJAKIN RAKYAT CEPET MAU DAFTAR RIBET HARUS KETEMPAT BUAT APA INI APLIKASI"
Nama Depan Nama Belakang,1,2025-12-04 00:48:50,"layanan kring pajak nya benar2 gk berguna, seperti para koruptor pajak. jadi yakin kenapa tidak pake layanan no WA, ngabisin pulsa doang. tapi pelayanan gk guna. ganti data email saja di bikin ribet. padahal kami yg bayar pajak, pelayanan 0 besar"
Prasetyo Imam,1,2025-12-03 12:13:34,burik
Nono Studio,1,2025-12-03 09:43:14,"buruk banget aplikasinya, abisin anggaran doang."
Deltacom Servis,1,2025-12-03 08:09:34,masih blank belum bisa dapat ranting 6
himawan fatkhuriza,1,2025-12-03 03:10:34,gak ada kolom lupa kata sandi
Morning Day,1,2025-12-02 14:28:31,baru mau masuk udah error
Maryam Sobariah,2,2025-12-02 10:29:53,Aktivasi gagal terusğŸ˜¥ğŸ˜¥
Nyanyian Sunyi CS,5,2025-12-02 10:06:58,ok
aksiterus percetakan,1,2025-12-02 03:17:14,"Mao daftar NPWP online aja susah banget, gimana Mao bayar pajak semua di persulit"
KUALITAS RENDAH,1,2025-12-01 07:06:03,"emang gak niat,,, daftar npwp disitusnya kode otp gak dikirim,,, entah apa problemnya,, yg jelas situs sekelas pemerintah yang dibuat untuk kemudahan rakyat malah gak efisien,,, emang dari awal gak niat"
Abdul Latip,1,2025-12-01 06:45:33,aplikasi ga guna jika harus datang ke kantor pajak ngapain bikin aplikasi kaya gini ga guna
Deden Sapari,5,2025-12-01 03:53:27,Aplikasi sudah bisa dibuka
Ahmad Yk,1,2025-11-30 16:23:25,"aplikasi gak guna, mending langsung ke kantor pajak"
Aisyah Latifah,1,2025-11-28 16:39:02,bagaimana ini saya mau daftar NPWP ternyata nik saya sudah terdaftar.tidak bisa untuk masuk.bagaimana bisa terjadi ini.saya merasa dirugikan.padahal belum pernah mendaftar kenapa sudah terdaftar..jelas nik saya dipakai orang lain dan itu bukan diri saya.
Digital Creature,1,2025-11-28 14:43:19,"jelek, ga bisa login, gak jelas"
Rian Comjet,1,2025-11-28 10:26:49,"Aplikasi teribet dan cs/agent sama aja, bukannya di permudah malah mempersulit"
FRS GAMING09,1,2025-11-28 07:05:57,"ribet bikin aja dibikin ribet ke web, udh gitu webnya eror terus masukin otp selalu gagal erorrrr full ERORRR"
Ekolius Jalaq,4,2025-11-28 00:00:18,Bagus
Hendra Gunawan,1,2025-11-27 18:02:03,Aplikasi gak guna.Mau cek nomer npwp saya saja susah nya mintak ampun
Fs affandi,1,2025-11-27 17:01:07,sangat sulit buat buat log-in.g guna
Muhammad Aldino,1,2025-11-27 14:51:13,susah login
Ahmed Ginanjar,1,2025-11-27 11:43:03,udah tertib... ehh gantian laporan dipersulit.
Channel 67,1,2025-11-27 09:39:58,aplikasi nya rumit
Ariyanto 10,1,2025-11-27 05:00:42,susah untuk masuk
Nandar Suhendar,3,2025-11-26 11:59:41,"ini gimana masuknya, saya lupa kata sandi."
Muhammad Rifqi,1,2025-11-26 09:05:54,Ribet sangat tidak membantu karena harus aktivasi ke kantor pajak nya dulu kalau untuk karyawan atau pegawai aktif ya susah cari waktu nya. Semoga dibuat lebih mudah kan gunanya aplikasi itu untuk memudahkan bukan bikin ribet dan susah menggunakan nya.
Narzo 30a,3,2025-11-26 08:50:21,"kenapa kode otp lama sekali ya,gak dikirim"""
SULIKHIN Mahmik,5,2025-11-26 08:30:06,oke
Erika,5,2025-11-26 08:07:42,need to improve
online shop,5,2025-11-26 06:13:16,Alhamdulillah terima kasih kp2kp Majenang pengurusan NPWP lancar pelayanan ğŸ‘ğŸ‘ğŸ‘ğŸ‘â­
biang kerok,1,2025-11-26 05:25:35,"buruk buruk kacau negara besar tapi aplikasi kacau begini, login susah bener ngga masuk sampah"
Miftakhul Khasanah,1,2025-11-26 03:47:15,"buka aplikasi biar bisa laporan nggak pusing-pusing harus ke kantor pajak, malah tambah pusing. yg bikin aplikasi gimana sih? Mau laporan aja nggak tau harus klik yang mana. mana pas login eror mulu"
Taufik Ansari,1,2025-11-25 15:02:48,gagal log in... selalu error
Pak Muhammad,5,2025-11-25 12:17:31,sangat propesional
Mifta Fee,1,2025-11-25 07:34:24,"katanya udah dibenerin tapi nggak bisa"" login termasuk webnya coretax"
Rizka Bintang,1,2025-11-25 02:23:30,"sangat amat tidak membantu, mending dana buat bikin ni aplikasi buat hal lain yang lebih merakyat lagi"
Febriansyah Achmad Hidayat,1,2025-11-24 22:09:54,apk pemerintah emng selalu kacau!
Reinaa Kamila,1,2025-11-24 13:33:47,"tolong perbaiki sistem dibagian take foto saya gabisa upload foto nya, kalau gini terus gbisa buat NPWP nyusahin aja, kalian kerjanya apasih, kesalahan seperti ini aja ga di perhatikan nyusahin orang yang mau daftar npwp"
Wiwit Nurafiyanti,1,2025-11-24 12:22:17,"mau daftar bikin NPWP lewat online aja susah nya minta ampun, untuk sementara bintang 1 dulu min"
Fina Lestary,1,2025-11-24 04:50:49,"ini situs online di hapus aja kalo masih ribet dan harus ke KPP. ga terlalu membantu, kebanyakan errornya. mana verifikasi pake pulsa segala, iya kalo ga ngulang, ini ngulang dan ujung-ujungnya harus ke KPP."
Filigon Wisnumurti,1,2025-11-24 03:34:01,dari jawaban petugasnya tidak jelas dan tegas
Jamal Dentis,5,2025-11-24 01:43:01,ok
Rafi Al-Rizki,1,2025-11-23 17:48:55,"Aplikasi ga guna, ga bisa login"
Ailin Tan,1,2025-11-23 17:39:39,apasi login ulang mulu aneh banget apk nya
Noobiez28,1,2025-11-23 17:01:39,"pengajuan efin disuruh pake nomor npwp 15 digit, udah tau sekarang pake 16 digit, boomer kocak ga bisa bikin aplikasiğŸ˜¹ğŸ¤ğŸ»"
Muhammad Ikbal (Ikbal Dono),1,2025-11-23 02:33:14,"APLIKASI dan WEBSITENYA SAMPAH !!! Dua duanya ga berguna, ga bisa login. Mau login aja password salah melulu, padahal udah diisi dengan BENAR. Lupa password juga ga bisa, malah ribet ga jelas."
Dur salim,2,2025-11-23 01:59:26,Saya sudah mengitim kode npwp yamg dikirim lewat email tetapi belum dapat balasan dari pihak email djp Tolong di proses admin jangan mempersulit saya
Udin Muainudin,5,2025-11-22 13:42:37,sangat membantu..
Bagas Rivaldi,1,2025-11-22 01:48:05,"Udaa mah daftar di website dipersulit ehh pas mau masuk apk gabisa, kenapa sih mo website/apk pemerintah tuh bermasalah Mulu."
ahmadiarmandsyah,1,2025-11-21 22:29:39,angel login.e
Abdul Ghofur,1,2025-11-21 05:18:53,"kalo memang aplikasi ini sudah tidak digunakan lagi, hapuslah dari PlayStore dari pada banyak yang kena prank"
Sidik,2,2025-11-20 15:54:40,"mau bayar pajak pun seribet ini, hahaha.."
Risky Pebriandi,1,2025-11-20 12:10:17,mau cek kode EFIN harus masukin no NPWP.. tapi yang bisa di masukin cuma 15 digit sedangkan no NPWP saya 16 digit.. gimana caranya tu biar bisa masukin 16 digit angka
Hairul mei,1,2025-11-20 02:15:49,aplikasi error
Khoirul Humam,1,2025-11-20 01:39:20,apk gk jelas
Ganjar Mukti Wibowo,1,2025-11-19 18:19:49,Aplikasi sampah Mau login aja error terus
RastÃ© StarÃ©,1,2025-11-19 17:18:44,lol apk
Depan Rumah,1,2025-11-19 12:47:02,aplikasi dan website busuk. apa apa harus ke kantor pajak. ga guna install aplikasi ini
Denta Prayoga,1,2025-11-19 05:16:20,"Aplikasi Paling Buruk, padahal ini punya pemerintah, bikin npwp aja di persulit padahal untuk bayar pajak, parah bangettt kacauuuuuu!!!!!!!!!!!!!!"
Riki Irawan,1,2025-11-17 23:49:54,map nya tidak akurat
saeful wardi,1,2025-11-17 13:32:45,cukup 1 bintang
Abdurrahman Salim,1,2025-11-17 08:05:18,"aplikasi scam, jangan input data apapun"
Fauzi Ardinan,1,2025-11-17 06:21:15,"kocak banget nih apk, gw masuk lewat web bisa, giliran masuk di apk malah gak bisa"
Afni Jaka,1,2025-11-16 16:14:04,aplikasi aneh paling teraneh
Fachrie Haidar prayuda,1,2025-11-14 18:26:02,buruk
ani shopia,1,2025-11-14 06:43:29,aplikasi sangat buruk Uda benar data tetap eror Gilak ini aplikasi
AYO_KE_ LOMBOK,1,2025-11-14 03:04:51,app nya ribet banget
Raymond LTE,1,2025-11-14 02:16:29,ini cara login karena lupa pasword gmn? apk intansi pemerintahan negeri ini knp jelek2 ya??? jangan apa2 dikorupsi mulu napa sih?
kadiman,5,2025-11-14 01:56:06,okee..
Lenny Puspitasari,1,2025-11-13 20:24:07,"aplikasi susah digunakan, chatnya kalau bisa MANUSIA BUKAN CHATBOT ga guna bgt aplikasinya sama sekali tidak mempermudah!!!"
Kodrat Rejafi,1,2025-11-13 19:57:59,aplikasi tolol
Oce Oce,1,2025-11-13 18:19:51,cacat
Jumriah,1,2025-11-13 15:56:13,perbagus lagi dh apkny
mechmed abdurrozie,1,2025-11-13 11:41:32,mending buat beli nasi goreng buget aplikasinya
PULAWANG HATURESI,5,2025-11-13 10:22:20,sangat membantu
m khotibul umam,1,2025-11-13 03:29:21,minus apk pemerintah cuihh
WAWAN GUNAWAN,5,2025-11-13 03:08:18,sangat membantu sekali
Eca Pranciska br bangun,1,2025-11-13 02:09:34,sangat buruk
Budiman,1,2025-11-12 12:53:08,wawasan
Tuhirman ST,1,2025-11-12 08:05:44,Tidak bisa digunakan
Mochamad Solly,4,2025-11-12 06:37:17,"bintang 4 dulu,nanti klo udah bisa baru bintang 5"
Rendi Gunawan,1,2025-11-12 06:08:33,"M-PAJAK aplikasi gak guna untuk masyarakat Login sangat rumit.. selalu error sudah berbagai cara... seperti hapus data cache apk/uninstall tetap tidak bisa masuk.. solusi buat kalian lebih baik ke kantor pajak nya langsung! jika ada email tentang akun M-pajak gak usah peduli ujung""nya gak bisa masuk seperti sya.. buat pengembang aplikasi tolong login trus eror penampilan kurang elegan."
Maryono Yono,5,2025-11-11 15:57:37,bagus
Anissa Sintiawati Hapsah,1,2025-11-11 13:34:34,Jangan install aplikasi scam
Abdul Hadi,1,2025-11-11 11:30:33,susah masuk dan daftarnya.
Ahmad Fauzan,1,2025-11-11 06:53:24,"ga jelas banget aplikasinya ga guna ,bikin orang kesel tolong di evaluasi lagi gunanya uang pajak apa?kalau kebutuhan rakyat aja masih kaya begini sistemnya ngaco sekali,mau ga mau harus datang ke kantor pajaknya hadeh bobrok sistem online nya"
Rokhimin Roy,1,2025-11-10 14:27:49,kita mau jadi rakyat yang taat bayar pajak tapi mau daftar online susahnya minta ampun muter2 gak selwsau selsai ada saja yang menyebut gagal apa lagi aplikasi ini harusnya ada link kusus bagi pengguna baru untul melakukan pendaftaran
Bariatus Siti,2,2025-11-10 11:48:59,fitur lupa password mana. mau login lupa password
Fandi Jnr,1,2025-11-10 10:48:31,"aplikasi kaga guna!!!. niat bikin aplikasi g sih??? susah amat buat login, username sama password ny udh bener tp masih aj salah. di website dan di aplikasi samaÂ² aj GA BERGUNA bukannya mempermudah malah sebaliknya."
Wiku Dewa hastu,1,2025-11-10 08:21:01,aplikasi tak berguna masa tidak ada. menu pelaporan spt
Dino Erbabley,1,2025-11-10 07:37:07,"Aplikasi AMPAS, orang wajib download dipaksa pake aplikasi broken ga ada guna"
Hp Gratis,1,2025-11-10 06:18:14,kenapa orang pajak atau yang kerja di pajak makan gaji buta mau bikin NPWP aja Susah karena aplikasi nya sangat busuk
Yasa 21,1,2025-11-09 06:24:01,aplikasi ga guna
Ulul Hanafi,1,2025-11-08 15:07:30,apk gak guna
Bang Kotan,1,2025-11-08 10:15:10,"aplikasi apaan, bikin efin susah sekali!!!! sudah benar nomer hp tapi notivikasi kode otp di SMS!!! padahal data lengkap!"
didinx u2,1,2025-11-08 05:34:31,"aplikasi maksa minta update, setelah update malah ga bisa login. error terus"
Dwiki Prasetyo,1,2025-11-07 03:58:56,sulit banget mau buka akun massa saya harus jauh-jauh ke Surabaya padahal di gresik ada tetapi dalam aplikasi tidak tercantum cabangnya.
Dom Shampoo,1,2025-11-07 00:45:33,tidak fungsi karena tidak ada layanan online seperti live chat
Setu 30,1,2025-11-06 13:55:27,sangat buruk sekali
orlando dumais,1,2025-11-06 13:01:47,"Masih terlalu ribet , aplikasi belum siap di gunakan .. perlu perbaikan lagi terutama jangan terlalu ribet .. fokus saja ke penggunaan yang mudah , tapi aman dan nyaman.."
Rohmad Andy Warhol,1,2025-11-06 12:05:34,Tolong Kasih Kemudahan akses untuk Rakyat. katanya suruh taat Pajak
kvnrhdn_ -,1,2025-11-06 09:30:13,ngapain bayar pajak?
Satria S Dg Situju,5,2025-11-05 17:46:18,oke mbaik ğŸ‘ğŸ‘ğŸ‘ğŸ‘ğŸ‘
Moci Moca,1,2025-11-05 16:39:22,"kalo belum siap lewat online jgn buat aplikasi, nomor npwp yg benar yg mana ada yg 15 digit malah yg baru sekarang 16 digit sesuai nik KTP untuk ngurus pajak aja dibuat ribet hadehhhh.. konoha"
Bayu Agustiana,1,2025-11-05 10:39:14,yang bener kalau bikin aplikasi
hari muhammad,1,2025-11-05 08:27:46,"login dapat exception session berakhir chat cs, buttonya gak bisa ditrigger wkwkw"
Indah Purnama,1,2025-11-05 07:58:17,mau masuk aplikasi susah banget padahal sudah punya akun
Milisni' Ay,1,2025-11-05 06:55:28,"maksudnya apa coba ini aplikasi? gk guna banget. gk bisa kasih solusi sama sekali. cuman ada pilihan masuk tapi gkda pilihan buat daftar akun. punya npwp fisik juga gk guna. data gk valid. mau tanya chat pajak nya juga gk bisa di klik. kalau ujung ujungnya tetap harus kekantornya langsung, terus ngapain ngadain aplikasi ğŸ˜’"
Aryajaya Alamsyah,1,2025-11-04 19:59:16,aplikasi banyak bug nya
Adit Poolverine,1,2025-11-04 10:52:12,Pajak dongo Banyak bug Kebanyakan di korupsi
mozarella,1,2025-11-03 16:54:43,aplikasi biadab bukannya mempermudah masyarakat malah dipersulit
Abdul Haris,1,2025-11-03 11:35:14,aplikasi cacat
Rudi Hartono,1,2025-11-03 05:39:28,ada yg tlp saya pakai nma djp dan instal apk.a di gogle ap itu bnern orang pajak
LATANI ASEP ARANDI,1,2025-11-02 10:22:39,"banyak sekali fitur yang kurang, kenapa saya selalu perhatikan setiap aplikasi layanan pemerintah khususnya untuk publik seperti aplikasi prematur gak ada nilai banyak bug tidak ada yang urus. padahal soal dana jelas sudah di anggarkan. heran saja kok tidak ada yang unggul layanan pemerintah ttg pajak aja susah. pelayanan yang tidak 24 jam kalah jauh sama perusahaan. sudahla inila indonesia"
Indar,5,2025-11-01 12:44:36,sangat membantuğŸ™
Aldy Shofiyan,1,2025-11-01 06:53:19,"mau bikin npwp buat pengajuan pinjaman di bank,masuk aplikasi harus daftar dulu,daftar diwebsite harus pake nomor hp sama email,udah lengkap tp teteeep aja gk ada kode masuk ke nomor hp lewat sms maupun wa,gunanya daftar online tuh apa coba,gajelas,mempersulit rakyat,capek bgt idup di indo,ngurus administrasi susahnya minta ampun"
Desita Putri Mulya,1,2025-11-01 06:20:15,mau masuk akun aja susahnya minta ampun
Dzurotun Nafisah,1,2025-11-01 05:07:56,nyusahno wong kte gwe NPWP CK ruwet e glm dibayar opo ndk
Egi Putra Kurnia,1,2025-11-01 00:08:06,login aja susah
Harry Style,1,2025-10-31 07:15:09,"gaada fitur lupa kata sandi beuh, jadi susah masuk mana kartunya ilang"
Fadil Radityia,1,2025-10-31 02:16:59,"bukan nya ngebNtu malah makin ribet log in loading nya berjam jam ga bisa, aneh, klo lupa sandi harus ke kantor nya ribet bner langsung uninstal"
Wiwi Juwanti,1,2025-10-30 12:43:55,"apk gak guna. boro2 memudahkan, bikin puyeng iya. pengen masyarakat taat pajak, giliran mau ini itu urusin pajak ribet. udh rakyat yg bayar, eh rakyat pula yg harus lapor"
Mutia Mutia,1,2025-10-30 09:56:11,lah ini gimana NPWP searang udah 16 digit terus gimana mau dapatin EFIN
Ariefx,1,2025-10-30 03:56:25,Aplikasi ngeselin
Test 4321,1,2025-10-30 02:30:31,aplikasi ribet
Abdulloh Asis,1,2025-10-29 09:00:22,"aplikasi bangke, mau liat nomor EFin aja susahnya minta ampun, opsi desanya ga ada, cuman kelurahan aja terus klk mau ngisi desa gmn bgsadddddddd"
Fredi Setiawan,1,2025-10-29 06:24:33,"udah dikirim detail alamat kok tetep salah itu gimana eror Mulu websitenya tolong diperbaiki, mau buat npwp kok dipersulit ini gimana coba"
Ac4kil Adaud,5,2025-10-29 05:37:52,"Aplikasi ,perpajakan identitas sesuai NIK."
Mahsusi,1,2025-10-29 05:08:23,gak bisa login
Rizal Pn,1,2025-10-28 23:16:35,aplikasi jelek mau livechat aja gabisa
As Wan,1,2025-10-28 22:44:36,periksa Sri mulayani atas kasus cortex yang memakan 1T lebih
Arif Setiaji,1,2025-10-28 14:32:14,"ini cara buat akunnya bagaimana,masa suruh log in tp tidak ada keterangan suruh buat akun"
Fifit Sumantri Bowo,1,2025-10-28 11:23:39,apa yang di harepin dari aplikasi buatan pemerintah
Adrian Maulana,1,2025-10-28 08:56:44,"ribet dan bikin emosi masa Gw masukin npwp cuman bisa 15 digit sedangkan dinpwp gw 16 digit, memang ya apk pemerintah kagak ada yg bener, ngurus ginian aja dibikin ribet"
Iwan Rahmat,1,2025-10-27 08:47:19,"APK GHOBLOK, NUNGGU SMS VERIFY AMPE BERJEMBOT KAGA MUNCUL2"
Muhamad Noviyal,1,2025-10-27 05:22:39,"aplikasi busuk, kebanyakan korup"
Ä’spÎµrãƒ„,1,2025-10-26 23:14:38,"ini pembuatnya kagak sekolah apa gimana, sekedar cek saja ngk bisa"
Click z,1,2025-10-26 18:07:53,gak bisa daftar pajak online dan dapat nomor NPWP secara online
Abdul Fiky,1,2025-10-25 12:47:06,sangat tidak berguna
Gery Sens,1,2025-10-25 12:35:24,Aplikasi ini manfaatnya apa ya ? Bingung isinya gitu-gitu doang. KSWP pake dipisah bikin ribet
Hihihi ILman,1,2025-10-24 15:14:08,busugggggg malah bisa login di web doang
Setiawan Avif,1,2025-10-24 14:04:04,ini pasti apkikasinya tender gede tp yg ngerjain org magang
Muhammad Fahmi Nuddin,1,2025-10-24 10:42:52,"mohon untuk kolom nomor npwp di perbaiki, karena maksimal digit hanya 15 untuk diinput, sedangkan npwp keluaran sekarang itu 16 digit"
Cakez,1,2025-10-24 04:32:09,pelayanan yang buruk
FadhilNovriPratama DEFANO,1,2025-10-23 07:36:41,"aplikasi apaan ni, payah.....apa2 yg urusan dengan pemerintah emang emprottt"
Raelian,1,2025-10-23 07:26:43,"tolol tolol cuma bikin NPWP susahnya minta ampun kocak kocak, pulsa gua habis gara2 elu kocak mana gak jadi2 lagi kocak, kalo gak niat gak usah bikin woyy"
surya rizki,1,2025-10-23 04:23:34,"Aplikasi tolol ga guna,, anggaran doang yg gede aplikasi ga berfungsi"
Humaira Rahmawati,1,2025-10-23 02:53:40,sangat sangat menyebalkan
arya wiratanu,1,2025-10-22 11:55:33,gabisa di akses kocak banget nih aplikasi. ğŸ¤£ğŸ¤£ğŸ˜†
yogas keun,1,2025-10-22 06:54:41,kenapa susah banget live chat padahal mau ganti nomer hp
Alfan Ahmad,1,2025-10-22 06:54:09,"aplikasi gak gua, bikin npwp susah"
Aisyah Al Atsariyyah,1,2025-10-22 05:02:06,"entahlah dari sekian banyak ulasan buruk yang di berikan pengguna kenapa tidak ada perbaikan,padahal ini adalah aplikasi resmi yang di awasi pemerintah. dari yang mau buat npwp ga bisa karna sulit,aplikasinya juga error..harusnya dapat ulasan selerti ini menjadi PR bagi mereka yg bekerjs di bidangnya.bagaimana aplikasi di buat namun tujuannya justru tidak tercapai? bahkan mau kasih ulasan saja 'server error' it's amazing for me"
Litani Harsa,1,2025-10-22 02:18:39,ga beres aplikasinya
arda fika,1,2025-10-21 19:47:15,Mau buat npwp aja sulit banget! padahal anggaran untuk proyek core tax aja Rp. 467 m ditambah suntikan dana dari kementrian keuangan Rp. 549m . aplikasi dan web sama jeleknya nggak sesuai anggaran yang gede.
HW properti,5,2025-10-21 09:45:23,mantap
Ogy Prayoga,1,2025-10-21 09:25:41,kaga jelas
AHA Channel,1,2025-10-21 08:39:09,bikin lewat web susah. aplikasi juga tidak membantu. kenapa mau bayar pajak aja dipersulit diadministrasi sih
Dedy IZ Kurniawan,1,2025-10-21 04:46:35,ga bisa login kocak aplikasi pemerintah ga ada benernya
MUHAMMAD RIZKI,1,2025-10-21 04:28:47,"mau di situs mau di aplikasi nggk guna babi habisin pulsa buat verifikasi nggk jadi"" mpwp"
rakhma kamila,1,2025-10-21 02:29:35,"mau buat NPWP susah bet ampunnn, lelet lemot error hadeh"
Lili San,1,2025-10-21 00:12:33,jadi segini doang anggaran 5 triliyun..? ampas banget. kasih anak it d kampus 100jt udah lebih bagus dari ini
Tttt Yyyy,1,2025-10-20 14:15:08,cortex emang asu mau bikin NPWP susahnya minta ampun
Ainul Gusti Agung Febrianto,5,2025-10-20 13:23:53,aplikasi yang bagus
Ari Muharam,1,2025-10-20 05:01:54,"hati2 sekarang banyak oknum yang memanfaatkan bug di aplikasi m-pajak ini, pokoknya kalau ada yang meminta screen sharing / berbagi layar jangan mau ya, karena itu adalah modus penipuan yang baru, stay safe gaeesss"
Semua Cara,1,2025-10-19 22:50:14,"niat bikin aplikasi kagak sih? kalo males bikin aplikasi mending di hapus dari play store aja, buat apa aplikasi kek gini di buat kalo gak ada gunanya mau login aja gak bisa katanya ussername atau pasword salah padahal itu bener kocak, aplikasi sampah"
Moh nur Asrory,1,2025-10-18 11:24:50,gakguna
yusuf afif,1,2025-10-18 05:37:21,apk ga guna bikin npwp aja susah bnget internet lancar dibilang ngga emng konoha
BangYono 87,1,2025-10-18 03:04:13,"Aplikasi gak jelas,gimana bisa login,tidak ada fitur daftar akun sama sekali ...sekelas aplikasi pemerintah kok kayak gini sih!!??!!"
Salma Nurfitri,1,2025-10-18 02:55:53,"WOY YANG BENER AJA, UDAHMAH VERIFIKASI PAKE PULSA, MANA DATA GEOMETRISNYA KAGA MUNCUL, APK PEMERINTAH KEK AMPAS SEMUA ANJIR SHIBAALLLLLL BENERIN DULU SEMUA INI BIKIN STRESS AJA BUKAN MEMPERMUDAHğŸ˜’"
CaeZzar Alfatih,1,2025-10-17 21:30:45,ini sarang korupsi
Ilham M4UL4NA,1,2025-10-17 10:24:37,"apk pemerintah kek anj,susah banget mau verif,giliran yang gratis dipersusah!!!!apk gk guna"
Immanuel Yoga Satria,1,2025-10-17 09:52:44,"ini aplikasi ga lulus apapun ya, login doang eror mulu, ntar sampe KPP disuruh online. menuh""in memori aja nih aplikasi ga guna. report aja report. alih alih bikin aplikasi biar lebih gampang ini repot banget anjengggg"
Syarif Syarif,1,2025-10-16 23:17:55,tak bisa diakses utuk daftar baru buang buang waktu sj
Nur Hafifah,1,2025-10-16 03:58:05,"buang"" dana, login pun gabisa. buat apa bikin aplikasi klo gabisa dipake"
Lukman Nur Jafar,1,2025-10-16 03:17:06,aplikasi maksa
Yeti Mardianah,1,2025-10-15 14:30:02,buruk
Refly Baghiu,1,2025-10-15 00:07:48,"sekalipun ngerti daftarnya,tapi untuk nentukan kordinat peta sangat2 merepotkatğŸ˜¡ğŸ˜¡"
Amir Fatah,1,2025-10-14 15:35:27,"buat NPWP saja susahnya minta ampun buat emosi, rugi pulsa gagal iya"
Abimanyu Kusuma,1,2025-10-14 08:43:07,login susah
Win Manurung,1,2025-10-14 07:12:24,"Pendaftaran sulit di persulit , ga usah klen kerja longor kalau ini aja klen persulit"
Saefudin,5,2025-10-14 05:37:22,aja kelalen maca...
LilyWo 75,1,2025-10-14 03:23:36,"gak ada gunanya anggaran negara di website dan aplikasi djp ini. gak membantu, bertele-tele, gak solutif. kemarin menkeu perempuan itu apa guna dia menjabat kalau sistemnya begini? ohiya, millennial ya kau, gak ngerti teknologi tapi asal jadi kuning biru."
Ni Ketut Maryati,5,2025-10-14 02:25:49,sangat bagus
Khoirul Mahmudah,1,2025-10-13 23:49:26,uda 5x buat bagian alamat muter2 terus njiss amat. iya kalo buat verifikasi ga pake pulsaa. kasih bintang 1 pun masih kebagusan
Fajar Nur Faizi,1,2025-10-13 08:30:18,Aplikasi dari pemerintah gk ada yg bener selalu eror
Dewenyoman Putrawidana,3,2025-10-13 06:03:53,4t p0p
Winda_Tisa Channel,5,2025-10-13 04:10:06,pelayanan djp Cengkareng ramah
Nena Abdul,5,2025-10-12 05:57:27,sangat bagus maksih yh
remember jack?,1,2025-10-11 17:57:44,DIKASIH ANGGARAN TETEP AJA BIKIN APLIKASI SAMA WEBSITE BURUK GAJELAS KUALITAS RENDAH EMANG HOBI KORUPSI PEJABAT INDO HAMA
manusia biasa,5,2025-10-11 13:28:04,top
Layaing2000 Layaing,1,2025-10-11 11:16:32,"ngeselin banget, w mau buat npwp susahnya nauzubillah. ada opsi untuk upload foto bisa lewat dari file yg sudah banyak fotonya atau take foto. terus gua klik upload lewat file yg udh ada fotonya malah ga bisa, bisanya yg take foto. sebenarnya lu niat ga sih ngasih fitur pemilihan begitu? lu ngasih fitur buat milih tapi giliran dipilih kagak bisa."
alan Maulana,1,2025-10-11 05:58:19,"susah login, error trs"
Axel rose,1,2025-10-10 12:49:32,susah login
Rafli Kurniawan,1,2025-10-10 05:42:52,sangat tidak bermutu ni appk
riza_ djauh,1,2025-10-10 05:25:55,apk apa ini mau daftar gak bisa hapus aja apknya
Sopyan Paradise,1,2025-10-10 03:21:05,"ngga jelas, ngga bisa login"
Ahdiya R Pratama,1,2025-10-10 02:43:46,hadeuh
Akmal Isya Ramadhan,1,2025-10-09 13:11:07,"tolol negara macam apa menyediakan aplikasi malah buat rumit warga nya, buat daftar pajak aja susah nya minta ampun tapi kami di paksa dan di wajib kan bayar pajak"
Rio Ravelino,1,2025-10-09 09:06:29,"Force close trs, selalu kl yg berhubungan sm pemerintah itu gaje semua. kbnykn yg korup kalah jauh sm jabar, aplikasi pajak bisa diakses 24 jam penuh tanpa kendala"
nurul aisyahch,5,2025-10-09 04:15:53,ok
Agung Pangestu,1,2025-10-08 14:57:48,"aplikasi ga bantu,malah bikin puyeng"
Al Dudie,1,2025-10-08 14:48:42,"saya sudah menggunakan aplikasi Ini lama tidak ada kendala dan sangat membantu,tiba2 ada pemberitahuan update aplikasi di BLN Oktober 2025,setelah sy update versi terbaru eror terus ada password salah menu login tidak ada opsi lupa password dll,bikin repot saja heran"
Ariez Mancing,1,2025-10-08 13:25:02,"aplikasi pepnipuan nanti dia akan hack hp, jgm di instal"
Tarisa Anggella,1,2025-10-08 12:41:00,aplikasi gak jelas
sukono prio,4,2025-10-08 08:50:02,pelayanan pajak baik
Yogi Ramdhani,1,2025-10-07 18:35:59,ga bisa login apk sampah cuma mau pajak nya doang ngurusin apk aja ga becus
Ar Rahman,1,2025-10-07 17:27:50,aplikasi terburuk yg pernah ada
a a,1,2025-10-07 05:51:19,"aplikasi sampah ,duit rakyat di pake buat bikin aplikasi kayak gini"
Miftachul Ilma,1,2025-10-07 01:11:35,"Saya coba minta kode effin, tapi nomor NPWP koh cuma 15 digit, padahal nomor NPWP sekarang 16 digit. jadi tetep gak bisa minta kode effin. Tolong dong diperbaiki"
methyu louise,1,2025-10-06 09:06:39,"payah tidak mempedulikan masyarakat, no npwp sekarang kan sudah termasuk dengan nik,sedangkan di apk dpj memerlukan 15 digit no npwp. sedangkan nik 16 digit ?? dan yang tertara di no npwp juga no nik?? bagaimana dengan login di djp menggunakan no tertara di npwp 16digit.sedangkan login m-pajak 15 digit sehatkah pembuat apk djp ?? tolong di perbaiki saya sangat membutuhkan !!!"
Musriyanto,1,2025-10-06 08:43:28,Kayak Taiiii
Maulana Wahyudin,1,2025-10-06 07:27:37,aplikasi bodoh baru klik live chat langsung koneksi terputus ribet ga jelas abisin anggaran negara aja mau bayar pajak ribetnya naudzubillah ujung2nya dikorupsi
MOHAMAD AMIN,5,2025-10-06 04:58:26,saya tidak bisah cetak kartu NPWP di kantor npwp gimana caranya supayah saya bisah cetak kartu npwp
Sambrindho Ambarita,1,2025-10-05 23:44:43,minimal kalok promisi jangan di tipu
Rezaa Juliaana,1,2025-10-05 15:50:23,gk ada pilihan daftar nya gimana mau login ke aplikasinya aneh
Afriadi Permana Saputra,5,2025-10-04 14:55:36,mantap
Hajarrudin Ahmad,1,2025-10-04 11:20:20,"website susah diakses , aplikasi bapuk ,, gak guna kalian ..."
Sunset Nect,1,2025-10-04 04:55:41,ngga jelas ngga bisa daftar
Alfarobi,1,2025-10-04 01:53:40,"Aplikasi yang bagus, ini bintang darikuğŸ˜¹"
M .yansah,1,2025-10-03 11:37:55,aplikasih busuk
Desta Deby,1,2025-10-03 05:53:36,"berkali kali ganti pasword,ndak bisa log'in juga,terlalu hebat aplikasi ini,...log'in aja ndak bisa apalagi kalo ada yang mau bobol...gak bakal gagalğŸ˜ğŸ˜ğŸ˜"
Mici Meoempat,1,2025-10-03 04:49:30,Goblk anjggg nntot aplikasi gak berguna Thai
Yugi Nur Hakim,1,2025-10-03 04:05:42,"Tidak mempermudah, sering error, menghabiskan pulsa tetapi tidak ada hasil"
Bagus Prasetiyo Aji,1,2025-10-02 17:38:53,"aplikasi sampah buatan pemerintah., bikin NPWP juga susah udah ada NPWP mau login dibikin susah lagi. sinyal sudah bagus padahal"
Dino Sourch,1,2025-10-02 16:52:17,"sok2an mau pake digital tp sistem nya masih bobrok, yg di gunakan hanya golongan,bukan ahlinya sih.. serahkan pekerjaan apada ahlinya.. kalau 1bulan gagal pecat ganti baru,kan bisa tuh.."
Qadarusman,1,2025-10-02 15:12:00,"baru siang melakukan pembaruan NPWP di kantor pajak, sdh selesai,ganti password jd sdh, masuk lewat WEB sukses...eh pas donlot APK ini malah gk bisa login,coba lg lwt web berhasil login, coba lg nih aplikasi ttp aja gk bisa login...emang ampas nih aplikasi, klo gk bisa bkin aplikasi mending gk usah boss,malu maluin aja"
Adrianto Habari,1,2025-10-02 10:20:59,INTINYA PELAYANAN JELEK
Abdul,5,2025-10-02 02:08:47,ok
Iyan Suryana,1,2025-10-01 14:20:39,kalian kalian semua kelak di akhirat akan di minta pertanggungjawaban atas pajak yg kalian terima !
Sukina Pulungan,1,2025-10-01 13:02:46,bagai mana ini aplikasi. menu daftarnya aja nggak ada.
Oncom Gondrong,1,2025-10-01 07:11:18,betul banget aplikasi error. kenapa gak bisa login padahal nik/ npwp password sudah benar. selalu username tidak ditemukan. pake versi web juga sama saja error
Suprapto Prap,5,2025-10-01 06:33:50,mudah mudahan saat digunakan selalu lancar dan tidak ada kendala sedikitpun...
Hafiz Qomar,1,2025-09-30 12:25:33,error terus
Rizki Sajili,1,2025-09-29 11:58:51,-0% bapak/ibu mohon maaf ini kan pasilitas rakyat kenapa di persulit yah banyak banget yg elor muali dari website sampai apk punnn gada yg bekerja denga baik
Dede Sugiatna,1,2025-09-29 09:42:30,tidak membantu malah mempersulit
Erdianto,1,2025-09-29 08:22:27,"aplikasi payah, sekelas aplikasi pemerintah ko seperti ini, saya login ga bisa2, ngirim kode verifikasi lewat email ga dikirim2. ayolah kerja yang benar."
Rahmat sambas Sambas,5,2025-09-29 06:27:20,mantap
feby bhramatya,1,2025-09-29 04:27:42,bener bener.. cuma buat log in susahnyaaaaaaaaaa
Willy Abdul,1,2025-09-29 04:05:00,"udah login tapi harus verifikasi ke email ,tapi kode verifikasi nya gak dikirim2 ke email ğŸ˜¡ğŸ˜¡ğŸ˜¡ğŸ˜¡ğŸ˜¡ğŸ˜¡ğŸ˜¡ udah berkali kali kirim di cek kotak masuk spam dll gak ada"
Siswanto,1,2025-09-29 01:57:45,"Pajak emang legit, tapi kerja mah pait, aplikasi sekelas pajak begini amat, parah"
Yolanda Puspitasari,1,2025-09-29 01:39:55,ğŸ‘ğŸ»ğŸ‘ğŸ»ğŸ‘ğŸ»ğŸ‘ğŸ»
Ponember Manurung,1,2025-09-28 12:46:11,"kode otp tidak dikirim tapi dipaksa ngecek semua folder, orang ngk ada mau gimana lihatnya, ini bukti mau bayar pajak aja dipersulit,"
ujang sudrajat,1,2025-09-28 04:06:25,kata nya harus bayar pajak tapi untuk bikin npwp d aplikasi d persulit sistem apakah ini
Devaaryaysf,1,2025-09-28 01:59:01,"mau jadi warga tertib pajak dipersulit sama aplikasi banyak eror, username dan password udh bner tetep gbsa login"
Nasrullah Deciefa,1,2025-09-27 12:47:43,"tidak bisa masuk sama sekali, hapus aja aplikasinya, nggak guna sama sekali jadi aplikasi scam doang. ngehabisin waktu, tenaga, pkiran, dan kuota"
Ceng Sapri,1,2025-09-27 08:18:35,mau bikin NPWP online aja susah
Kris Diansyah,1,2025-09-27 06:18:27,ga ditempatnya ga di aplikasinya tetep di persulit!!
Nawilah Rahayu Astuti,4,2025-09-27 04:59:59,BAGUS
lukman efendi,1,2025-09-27 00:41:01,mau log in eda verifikasi bia email tapi kode verifikasi tidak di kirim kirim.. tolong perbaiki lagi sistem nya
Dargo TriW,3,2025-09-27 00:09:45,kirain cuma sya ternyata bnyak yg ngalamin gagal masuk
Gufron Naja,1,2025-09-26 23:33:53,"pelayanan online mines, kode buat bikin npwp lama, alamat udh benenr tapi salah terus"
Naufal Soebandriyo,1,2025-09-26 15:00:24,"APLIKASI LEMBAGA PEMERINTAH INDONESIA TIDAK ADA YANG BENAR, ERRORR MULU KEK PEJABATNYA.MENDING HAPUS AJA IAtU APLIKASI, GA GUNA, DANA KEBANYAKAN DI KORUPSI ...ANJENGLAH"
Damar satriyo Damar,1,2025-09-26 12:13:10,perbaiki websaitnya itu jii
Dika Daki,1,2025-09-26 10:46:19,apk pemerintah malah lemot dapet kode verifikasi susah minta ampun kerja nya apaan coba !!!!
arief kurniawan,5,2025-09-26 07:37:14,saya simpulkan dari komentar yang bintang 1 sampe 5...ini apk SAMPAH
DIMAS _official,1,2025-09-26 02:43:30,mau msk eror mlu
Firman Ramadhan,1,2025-09-26 02:04:34,erorrrrr terusssssssss mua aplikasi mau we . eror
bercahayA,1,2025-09-26 01:46:26,"password dan email benar tapi nunggu kode verifikasi by email lama parah bangettt, udah lewat lama pas nanti dimasukin kodenya udah expired.... huuuuu kgk pernah di maintenance atau tidak ada yang care aplikasi ini"
Dadan Ramadhani,1,2025-09-26 01:21:33,"web gajelas. aplikasi sulit untuk login, penyelesaian atur ulang sandi tidak ada. mau live chat juga gak bisa, walaupun ada opsi tulis tapi gak bisa dilanjut, mengecewakan. web maupun apk instansi pemerintah tapi kalah sama swasta. payah."
Mr lim chanel,1,2025-09-25 13:23:30,"Gak beres, Menu pendarannya gak ada, gmn mau login"
Muhammad Eko Saputro,1,2025-09-25 12:32:23,webnya ampas banget bambanggggg
Nandan Ra,1,2025-09-25 07:46:18,"mau login minta kode verif, tapi kodenya gak masuk masuk kocak"
poenya dolis,1,2025-09-25 01:27:17,"aplikasi gak guna,. ga bisa daftar akun baru."
Isekai !,1,2025-09-24 17:39:51,korupsi terus yang buat maintenance di korup bodoh
Deni Hamdan Maulani,1,2025-09-24 14:07:33,selalu gagal login.. padahal sudah benar ..
Xfirst,1,2025-09-24 11:08:24,hah sampah ga aplikasinya ga websitenya rusak semua.
Hafeez Lubis,1,2025-09-24 10:35:15,Engga web engga aplikasi gada yg beres
Fill,1,2025-09-24 07:53:11,verivikasi email aja banyak banget dramanya
Anton Budiawan,3,2025-09-24 05:30:22,"mau log in aja susah,nunggu kode verifikasi nggak dikirim2,ayolah ini apk formal negara masa kaya apk abal2"
Muhammad Rays,4,2025-09-24 05:23:09,sangat memuaskan aplikasinya
Tri Wahyu Suwito,1,2025-09-23 13:26:34,"Ya gini kalo dana buat aplikasi di korup, memalukan"
Zaida Hannum,1,2025-09-23 12:37:24,apk bobrok
Taufik Hidayat,1,2025-09-23 12:04:52,aplikasi penuh bug
Surya Dinata,1,2025-09-23 08:04:36,mau Daftar susah minta Ampun Anggaran kau makan seperti ini Ga usa bayar pajak smua rakyat biar mampus kau
Yazid Rofi,1,2025-09-23 05:48:58,"banyak eror , daftar NPWP online nomer verifikasi nya tidak terkirim gimana ini pelayanan nya"
Gleza Archilla,1,2025-09-23 04:53:19,"terlalu sampah mas apknya . Ayolah , kelas negara loh ."
Atung Kebelet,1,2025-09-23 04:00:46,APLIKASI EROR GAJELAS
nevysa rosihana,1,2025-09-23 03:55:25,aplikasi gak guna. muter2 doang gak jelas
Vis Vasrit,1,2025-09-23 00:55:03,bikin app bukannya mempermudah malah bikin susah. login aja gabisa
Dedik Pamungkas,1,2025-09-22 23:31:51,"Aplikasi ga guna, kirim email verifikasi baru masuk sehari kemudian. Pas di klik udh expired, coba kirim lagi tetep masuk emailnya sehari kemudian, expired lagi. Gitu aja trus."
Azhar Khoiri,1,2025-09-22 17:21:11,"Tolong ditangani dan ditanggapi, sekelas apk pelayanan masyarakat masih banyak bug, kalian dibayar pake pajak louh, bisa kerja gak sih? Ntah portal atau apk yang dinaungi pemerintah kok gak ada yg bener semuanya, cuih sampah..... Gtu aja trus sampe warga Indonesia mati semuanya"
Ricki Napitupulu,1,2025-09-22 17:12:00,aplikasi busukk buangÂ² anggaran negara aja gimana cerita nya aplikasi pelayanan pajak busuk begini ngebut minta bayar lajak tepat waktu tapi giliran mau daftar npwp aja busuk nya minta ampun lebih bagusan aplikasi ilegal dari pada aplikasi ini yg gak ada gunanaya hanya mempersulit masyarakat
Ade Solihin,1,2025-09-22 14:11:28,"aplikasi tertolol, pemerintahan macam apa ga becus bikin aplikasi"
Faridz Faridz,1,2025-09-22 11:46:44,"aplikasi sampah !! Daftar online susah nya pake banget otp email kaga masuk otp no hp kaga masuk sistem jaman purba kaga di ganti abis pulsa gw ngeladenin aplikasi sampah website pemerintah burik parah tahun demi tahun gw coba coba terus kaga bisa Mulu, ayolah inovasi nya mana giliran aplikasi bokep mah cepet mau daftar GE padahal mau bayar pajak yaelah"
Ratna Eha,1,2025-09-22 10:38:17,kirim otp berkali kali ga pernah ada yg masuk
Ultra HD,1,2025-09-22 10:19:18,"gak di web gak di aplikasi gak ada yg jelas ni, masak login dari pagi sampe sore kode Verifikasi gak muncul"""
Dragneel dwiki,1,2025-09-22 08:15:22,"mau cek NPWP aja sulit banget padahal mau bayar pajak buat negara loh. versi web enggak bisa dibuka,aplikasinya perlu login menggunakan akun terlebih dahulu permasalahannya enggak ada opsi untuk registrasi ğŸ˜’kan pe'ak , ada ada opsi untuk live chat dan saya bertanya sederhana ""bagaimana cara untuk registrasi "" sesimpel itu bootnya nggak mudeng pertanyaanya. percumah mbikin web & aplikasi kalau cuma jadi pajangan doang biar terlihat pemerintah melek teknologi tapi faktanya bobrok semua web&APKny"
M Farid Dwi Putra,1,2025-09-22 04:39:15,"kagak membantu sama sekali anjay, hari tanggal 22 September 2025 ane daftar pajak via web dari jam 8 pagi sampai jam 12 siang belum masuk juga tu kode verifikasi email-nya n cokk, udah gw spam beribu beribu kali kagak keluar keluar tu email-nya dan sampe ane ganti email dan terus balik ke email awal malah ngak muncul juga, pindah ke apk sama aja anjay kagak membantu, jadi males aja gw bayar pajak jadinya"
Ryosuke Ryouta,1,2025-09-22 04:11:39,makin nyusahin
Fariz Al Farizi,1,2025-09-22 00:45:02,jelek
Nanan Suhanda,1,2025-09-21 19:05:19,lama dapat kode otp nya
Amrullah. ullah,1,2025-09-21 13:43:05,tidak membantu
Sari Oktarina,1,2025-09-21 09:16:49,"tidak bisa login, tidak ada kode yang dikirim ke gmail"
Muhammad Ariq,1,2025-09-21 07:49:16,"apalah nik sama pasword udh sesuai masih salah malah eror, sampah"
Respect Gg,1,2025-09-21 02:27:35,ntah apa ribet kali
Eros Lush,1,2025-09-21 00:57:06,"korupsi doang lu getol, dari 2020 bikin NPWP itu kartu ga jadi2 skrg kudu ada EFIN. Gak jelas, ditelpon jawabannya selalu diluar jam operasional, lu kerjanya kapan?"
Abi Hidayat,1,2025-09-20 08:06:36,loginnya susah padahal udah bener password sama nik nya tapi ga bisa login malah error
Johanes Nuryanto,1,2025-09-20 01:17:25,tidak bisa masuk
KONSULTAN BISNIS DAN INOVASI (CHS - Chef Heri Suyono),1,2025-09-19 23:42:24,Aplikasi TAIIIIIII......... kalau gak becus gak usah di publish dulu.
Agus paytren,5,2025-09-19 18:12:10,alhamdulillah akhir nya selesai juga upgrade npwp baru 16 digit online nya
nur komah,1,2025-09-19 13:36:23,"tidak ada gunanya mau penyamaan nik sama npwp saja gk bisa harus ke kantor terdekat, pajak indonesia cuma mau duitnya, pelayanannya noll"
SMN play,1,2025-09-19 12:49:28,dana pemerintah dipakai sama boomer hasilnya gini amat
Erda Mandala Putra,1,2025-09-19 07:33:03,"aplikasi dan web tidak berjalan dengan lancar menyusahkan orang kalau bener bener membantu orang itu aplikasi dan webnya harus lancar. katanya disuruh taat pajak, buat npwp aja dipersusah. nggak berguna sama sekali, lebih baik diberhentikan aja"
Heribertus 2024,1,2025-09-19 06:22:04,system sampah..banyak koruptor gajelas sampah
Ghina Putri Andhyka,1,2025-09-19 03:56:52,"apk gajelas, uang pajak kemana aje bikin ribet lu"
Bayu Prakoso,1,2025-09-19 01:53:58,"susah bener masuk ke aplikasi, email verifikasi nya gak ada, padahal diaplikasi ada notif ""kode verifikasi sudah dikirim ke email"" , bahkan di spam juga gak ada, emang butuh waktu berapa lama ya buat kirim email kode verifikasinya?"
bang ipuL,1,2025-09-19 00:34:55,gak bisa buat masuk situs..padahal kemarin bukak situs lancar tp sekarang malah down
Irvan Raynaldy,1,2025-09-19 00:29:27,"sampah mau login aja susah banget. gue mau login verif suruh masukin kode aja kaga ada masuk ke email, sekalinya ada lama dan udah expired kodenya. bikin app yang bener gobloggggg bikin susah orang aja sialan. jangan perut doang yg digedein idiot"
Spade,1,2025-09-18 13:48:14,masih perlu di evaluasi lagi
Rekka Afrian,1,2025-09-18 11:54:47,gak niat bikin apk ni para pejabat
viral mancepto,5,2025-09-18 11:21:14,okebaik
Wamaliha 354,1,2025-09-18 11:16:09,KODE VERIFIKASI NYA MANAAA
CHANNEL WONGE DWE,1,2025-09-18 10:32:50,"jembot ora nk google ora nek kene podo ae.lek sekirane, aplikasi ne ra kenek orasah ngae aplikasi ruwet ruwet ruwwweeetttttt duwettttt"
Denny Koermianto,5,2025-09-18 10:02:41,Ok
Ghost Huaa,1,2025-09-18 09:36:23,"membuat NPWP susah, udah pajak, susah, pajak gblk"
mufthi Fauzi Efrizal,1,2025-09-18 09:03:57,Email verifikasi sangat lama masuknya
Galih Bayu Putra,1,2025-09-18 05:22:18,"kok bisaa ada aplikasi begini, ga guna asli"
Riski Syahputra,1,2025-09-18 04:36:42,request otpnya kelamaan
Fauzi Fiki Firqianto,1,2025-09-18 01:01:57,gak guna di persulit lupa password aja susahnya padahal email yang sama
034_ibnu choir masshullah robbininur,1,2025-09-17 23:13:54,aplikasi tolollllll mau ganti pw aj susah bener taiii korupis mulu anjg
Fuad Zulzaki Muhammad,1,2025-09-17 16:09:54,Aplikasi *** verifikasi aja kaga keluar-keluar
Mayada Putri,1,2025-09-17 13:25:56,"Tolong dong, baik web mau pun apk nya bnrin lg, mau daftar NPWP online bagian kolom kerjaan perlu verif orang ketiga itu mksdnya gmn sih anjir, mau verif no hp jg kodenya kg dikirimÂ², 1 jam an di kerjain web yg bnyk minusnya ini wkwkwkkw. Daftar ACC di apk jg ampasss, ngga bisa samsek, bilangnya koneksi terganggu lah, awalnya mikir siapa tau emng wifi nya LG lag, beli kuota lah, sama aja anjir wkwkwk, pdhl gw mau wifi/kuota di pake buat yg lain lancarÂ² aja, emng programnya aja yg AMPASSS"
Akmal Ruhama Yamazensa,1,2025-09-17 12:21:19,"aplikasi sangat busuk. mau login aja susah ,verif berulang2 gada yg masuk tuh codenya"
IMRON REVIADY,1,2025-09-17 12:16:31,aplikasi tolol
MUKORI_,1,2025-09-17 09:03:05,"DI SURUH LAPOR PAJAK, TAPI BUAT LOGIN AJ SUSAHNYA MINTA AMPUN"
deta de,1,2025-09-17 04:23:06,gak lengkap aplikasi nya.
Rehan Perdian,1,2025-09-16 23:53:39,"bagaimana cara saya untuk mendaftar NPWP, jika untuk mendaftar saja entah lewat website atau aplikasi saja sulit, website nya sangat buruk selalu error, website seakan-akan hanya pajangan agar terlihat pemerintah sangat modern, lewat aplikasi hanya bisa dilakukan jika kita sudah punya terdaftar saja, tidak ada opsi untuk mendaftar hanya login, JANGAN MEMPERSULIT RAKYAT UNTUK MENDAPATKAN PEKERJAAN, KARENA SEKARANG PERUSAHAAN MEWAJIBKAN PENCARI KERJA HARUS SUDAH PUNYA NPWP WALAU BELUM KERJA!"
hermanto Simatupang,1,2025-09-16 13:31:53,knpa apk djp setelah abdet mkin jelek
Firman Septian Fauzi,1,2025-09-15 14:51:10,"login bug eror, app pemerintah kebiasaan ini wkwkw"
iyan,1,2025-09-15 13:55:05,b aja ini apk ga bisa banyak hal. terpaksa harus ke kantor pajak
Idnep Pendy,1,2025-09-15 11:04:04,dipaksa baye pajak dinegara yg kocak minim digital.. anyinh
Kasianto Jps,5,2025-09-15 10:40:25,ok
samsu hadi,1,2025-09-15 06:31:39,aplikasi belum siap udah ditampilin loh udah loginnya susah setengah mati aplikasi murahan
Epan Triyani,1,2025-09-15 04:31:02,"gak ada gunanya,susah login aktivasi akun. semuanya susah, aplikasi abal abal. banyak korupsinya aja, capek"
goblok monyet,1,2025-09-15 03:24:00,jelek
Bayu Aji Trisasongko,5,2025-09-14 18:29:23,bintang 5 buat korupsii
Zuriyatun Thoiyyibah,1,2025-09-14 13:32:09,tidak berguna
Kariya Sama,1,2025-09-14 10:21:31,"Aplikasi t0/0/, dev t0/0/.. ribet, semua urusan ke pemerintah ribet.. mending gk ush byr pjk lol"
AldhyWijaya01 Wijaya,5,2025-09-14 02:52:18,mantap
Yond Della,5,2025-09-13 13:24:55,GOOD
Jar,1,2025-09-13 11:51:05,"emng tolol pemerintahan gada kerja nya, bikkn npwp online aja susah bgt idiot"
lBay,1,2025-09-13 07:50:24,"sulit untuk login kedalam apk selalu terdapat error di setiap percobaan login pdhal username dan password sudah benar bahkan untuk memastikan saya ganti password beberapa kali dan hasil tetap sama login error, coba diperbaiki aplikasinya katna terlalu banyak error dan belum siap digunakan cek lalu perbaiki lgi sebelum di publish"
PERU ARDIANSYAH,2,2025-09-13 00:29:14,iya
S Hafis J7,1,2025-09-13 00:06:53,none
Muhammad Haryani,1,2025-09-12 19:43:49,membutuhkan efin aja susah gagal trus untuk di foto gk jelas tidak mempermudah
Rafael Yafin,5,2025-09-12 14:06:59,sangat mudah di akses
Purki Samudra,1,2025-09-12 13:13:24,Digunakan untuk modus penipuan
Ziel mobile legend,1,2025-09-12 10:29:37,"aplikasi paling ribet paling jelek, tapi dananya paling besar dibanding yg lain"
Niluh Suandewi,5,2025-09-12 10:19:22,sangat bagus
Tony Arifin,5,2025-09-12 09:26:50,sangat membantu
Ahmad Arifin,1,2025-09-11 23:45:01,"apk ga guna,di web nya bisa dibuka giliran di apk katanya username sama password nya salah .kan apk bego"
Hamzah Pacitan,1,2025-09-11 13:46:47,niat mau liat KSWP jadi susah. aplikasi ini terjelek yang dibuat pemerintah
Akbar Valindo,1,2025-09-11 10:31:50,"aplikasi belum siap malah di paksa launching, konyol nyari tender yg bener lah, emang harus resuffle tim pajak ini, yg kolotÂ² itu mending suruh pensiun ganti aja dah, bukan lagi jaman dia"
*,2,2025-09-11 09:41:43,"aplikasi burik, ga kirim2 kode efin gua , lemot lagi"
Muhammad Ridho,1,2025-09-11 09:20:46,Verifikasi Email. Tetapi pengiriman Token OTP ke Email sangat lama
Rostan Leonarto,1,2025-09-11 09:18:21,kode verifikasi yang di kirim ke email sangat lambat butuh waktu ber jam2 dan kodenya kadaluwarsa tidak bisa digunakan
adisurya atmaja,1,2025-09-11 09:05:15,"saya konfirmasi ke kpp pajak, infonya penipuan, hati"" ada yg 40mb dan 100mb, handphone saya di sarankan reset pabrik dan laporan yg berwajib"
rizki anjarsari,1,2025-09-11 08:43:07,"kenapa sih aplikasi pemeringah tp begini, masa nggak bisa bikin aplikasi bagus,, lemot banget asli, buruk banget, bayaar pajak mahal tp aplikasi nya tidak berfungsi dengan baik kek gni, sama sekali tidak membantu"
Raul Landi,1,2025-09-11 08:25:36,daftarnya ribet Verifikasi tolol gk aja bikin afk kalau gak guna bngst
Syahrul Ramadhan,1,2025-09-11 05:17:53,"gajelas sering down, buang buang anggaran aja"
Ahmad Altamis,2,2025-09-10 20:39:10,Mau dapt efiin aja susah suruh masukkan NPWP saya masukkan enggak bisa kurang satu padahal sekarang kan npwp nomor nik gimana ini saya pengen aktivasi DJP tolong di benahi tolong yaa tolong di dengar ini masukkan
Nur Hayati,1,2025-09-10 12:27:00,males amat tiap buka aplikasi harus log in ulang mulu
Robin Y,1,2025-09-10 06:11:54,"aplikasi berbahaya, sering eror & tdk berguna, gampang disalah gunakan oknum yang mencuri data pribadi untuk penipuan."
Engga Liberian,1,2025-09-10 01:18:35,aplikasi busuk.. aplikasi paling buruk.. yg orangnya kayaÂ².. tidak berguna sama sekali.
Cahya Setiawan,1,2025-09-09 13:39:26,"ganti aplikasi y, pantes djp online ku ga bisa. Tapi ganti aplikasi kog malah lebih parah ga bisa login....apk malu2in....wkwkwk"
Alfii Effendy,1,2025-09-09 13:13:12,Ga di web / aplikasi mau lapor pajak aja susah amat! udah login pake akun terdaftar malah invalid eror! kenapa sih kalian pemerintah selalu nyusahin rakyat
Hikmal Aqila,1,2025-09-09 10:53:06,oi sialan bikin NPWP dipersulit kode Verifikasi ga muncul giliran muncul ga bisa verifikasi puki
Dewa Ayu,5,2025-09-09 08:28:53,mantap
Dimas Kris,5,2025-09-09 03:10:38,Mantap
boss mid,1,2025-09-08 16:01:38,"Untuk apa aplikasi ini kalo daftar ajah masi disuruh ke web site nya,setidaknya ada aplikasinya untuk mempermudah orang buat NPWP atau cek yang lain"
Afdol Tasmara,1,2025-09-08 13:41:30,"min, saya tidak bisa memasukkan npwp 16 digit di menu efin utk lupa efin, disana hanya boleh 15 digit"
Anyi Wulan,1,2025-09-08 11:29:48,saya habis kena tipu dr aplikasi ini. hp sy diretas
Dimz Turu,1,2025-09-08 09:41:26,ko eror si
Aryoz Hww,1,2025-09-08 02:33:02,ngk jls blok lokasi udh bener masih aja ngk bisa benerin no
HRS HIKERS,1,2025-09-07 23:59:36,"aplikasi koruptor, masuk aja eror masuk cortex eror gak jelas banget, nyusahin rakyat"
Kluyuran,1,2025-09-07 17:25:12,APLIKASI SAMPAHHHH!! NOMOR HP DAN EMAIL LAMA HARUS VERIFIKASI DI KANTOR!! NGAPAIN BIKIN APLIKASI ONLINE WOII
Moh Zierdhan,1,2025-09-07 15:17:45,SEKOLAH DULU YANG PINTER. BIAR BISA BIKIN APLIKASI BAGUS. TOLOL
Candra Septiano,1,2025-09-07 07:55:07,ribet dan tidak membantu
AABM CHANNEL,1,2025-09-07 02:02:51,"Kalau aplikasinya masih belum sepenuhnya bisa di gunakan, jangan di publish dulu dan jangan di promosikan. setiap login selalu kendala error, padahal NIK/NPWP sudah valid, eh giliran di klik verifikasi malah error. mohon untuk di tarik dulu aplikasinya dari PlayStore, soalnya belum bisa di gunakan 100%. mohon untuk di perbaiki dulu"
Andi Hamzah,1,2025-09-06 16:34:24,lambat
RASA RASA CHANNEL,3,2025-09-06 16:06:16,"ngak ada menu daftarnya, masak harus daftar lewat web lagi. Aplikasinya asal jadi uang proyek cair ujung2 dikorupsi."
Ganial Akbar,5,2025-09-06 12:46:58,"aplikasinya bagus banget untuk ladang korupsi, mantap kali, lanjutkan menyengsarakan masyarakat ğŸ‘ğŸ»"
Imam Mustakim,1,2025-09-06 04:23:53,cortex sue asu bikin emosi input panjang panjang null eror
Abdul Hadi,1,2025-09-05 06:58:13,pwngen bilang anj
Wawan Purnomo,5,2025-09-05 02:25:58,sangat membantu
Ardad Ardhin,1,2025-09-04 13:10:29,"woyyy aplikasi apa ini ? sy dihbungi yg katanya org pajak, disuruh instal apk ini krn mau integrasi NIB ke DJP, tp stelah instal kmudian ikuti arahannya malah akun bank Brimo sy yg dihack tiba2 muncul notif perubahan kata sandi Brimo telah berhasil. msih untung gak ada saldo diBrimo. tolong pemerintah, kebocoran data sperti ini sangat merugikan. pemerintah indonesia TIDAK BERES."
Lukman Dwi,1,2025-09-04 02:32:49,apk taiiik eror terus
Yuda Halimawan,1,2025-09-03 22:26:31,aplikasi bobrok.suka ada update kaga sih? apa anggaran doang
Gahral Umar,1,2025-09-03 14:41:02,sangat menyulitkan untuk mendaftar kartu pajak
Muhamad Asrori,1,2025-09-03 10:34:22,"Inilah contoh bobroknya, aplikasi yang harusnya memudahkan. malah dipersulit proses nya, baru mau login aja udah bikin emosi. Harusnya banyak ulasan jelek ini, langsung diperbaiki. eh, malah dibiarkan. semoga Bu Sri Mulyani baca ulasan2 ini, sebenernya yang ngerepotin dan jadi beban negara itu siapa?ğŸ˜"
Marcel Natallino Malla,1,2025-09-03 08:41:07,"aplikasi tidak jelas, pin aktifasi sudah di masukan malah sesi berakhir terus"
ONG den,1,2025-09-03 08:38:19,"Aplikasi gak ada gunanya, nomor verifikasi efin gak ada di kirim2"
Muchammad Solihin,5,2025-09-02 23:30:24,okok
puri David,5,2025-09-02 16:30:35,good
Akhdan Azzuhdi,1,2025-09-02 13:40:14,tolong lah buat login aja susah bet anying
Ibenk Glod,1,2025-09-02 03:40:28,sangat buruk
Dadang Kurniawan,1,2025-09-01 10:20:22,perbaikan apk nya...daftar EFIN aja susah banget.. masalah di nomor telpon tidak ditemukan...form input nya aja ga ada input nomor telpon
cisilya legarano,2,2025-09-01 03:41:37,"susah bgt login, eror terus"
Nur Halimah,1,2025-08-31 18:50:59,"Bagaimana mau maju peradministrasian Indonesia termasuk pajak dengan basis daring jika login saja selalu error. Padahal No. NIK/NPWP dan Password sudah sesuai, tapi selalu dinyatakan salah. Teknologi sekencang ini, tapi sistem administrasi daring saja Indonesia masih bobrok. Jangankan pegawainya, website/apk nya saja bisa miskomunikasi. Kalau seperti ini terus, warga juga kesulitan untuk mengurus NPWP."
Kakek Kipli,1,2025-08-31 01:26:24,"maU login malah ga bisa nomer nowpnya, pntek gaming"
Tn. Hendrawan,1,2025-08-30 22:49:15,ribet..... aplikasi ga guna
MOHKAFI NASRULLOH,1,2025-08-30 15:16:42,gak guna
Winda Rahayu,1,2025-08-30 11:39:27,errorrr g berguna
putra prahmana,1,2025-08-30 04:41:44,"aplikasi ga bener ni, mau buat NPWP aja eror mulu buangÂ² waktu klo bisa ngasih bintang 0 gw kasih bintang 0 ni aplikasi"
Rianto Derman Ganda,5,2025-08-29 12:29:26,LENGKAP
Sebatik_Arsci,1,2025-08-29 02:43:35,aplikasi nya error padahal sandi dan NIP/NPWP sama seperti yg masuk di email tolong dong developer perbaiki dulu.
Adyt Dyta,1,2025-08-27 11:52:19,"halah, gk web nya, gk app nya sama aja... app yang asal jadi. error semua.."
Abdul Ajis,1,2025-08-27 02:24:32,stop bayar pajak
Hendri Saprianto,3,2025-08-26 07:01:23,"aplikasi nya bagus, cuma perlu perbaharui lagi, agar bisa buat npwp dengan aplikasi ini, saat saya coba di website terjadi error."
Yasir M. Diah,1,2025-08-26 03:59:18,Rumit.sulit.ubah data profil saja harus menghubungi kpp administrasi
Satria TX,1,2025-08-25 16:34:04,"web ampas,nyuruh wajib bayar pajak tapi web eror mwnya apasi"
arif santoso,1,2025-08-25 09:14:52,"MAKAN DUIT RAKYAT NYE DOANG , APLIKASI BOBROK , RAKYAT SURUH BAYAR PAJAK TAPI PERPAJAKAN NGERIBETIN RAKYAT KAN KOCAK. APLIKASI BUMN EMG GA ADA YG BENER , RATING DI PLAYSTORE DIBAWAH 3 SEMUA TOLOL"
Desra Marcelino,1,2025-08-25 08:40:22,"ribet amat aplikasi nya,buat lupa pass aja harus pakai no effn,buat cek no npwp aja ribet"
Tony Cooper,1,2025-08-25 06:53:12,apps ga jelas. buat masukin data aja di persulit ntah efin lah apa lh itu namanya.
0507_Hieronimus Sepriyantono Saputro,1,2025-08-25 01:42:31,ribet amat mau buat npwp masa harus di suruh sesuai yang di ktp berarti harus pulkam nyusahin orang yang merantau aja padahal cuma aktivasi akun untuk gmail dan no hp harus pulkam dulu baru terus walapun ada surat domisili tetap harus sesuai di ktp lawak jadi harus pulkam dulu baru layanin baru di bilang npwp pindah ke tempat perantau bener-bener ribet dan di persulitkan.
Nasir Adul,1,2025-08-24 17:29:28,gara2 akun pajak Ni saya kenak tipu
Mochamad Arif,1,2025-08-24 10:33:49,"Mau login susah amat pakai kode lewat email, nanti di masukkan kode eror login lagi dan terus kayak gitu. Bikin login yang mudah gak ribet kayak gini eror terus"
Wahyu Yudi,5,2025-08-23 11:10:46,ok
Rob Subhan,1,2025-08-23 04:48:55,ribet login susah harus ada EFIN buat tau EFIN nya harus ke kentor pajak.. jadi susah ribet...biar tau EFIN nya kenapa gak lewat wa atau email jadi lebih mudah dan gak ngabisin waktu juga...hadeeeuuhh
ArrLina,1,2025-08-21 09:01:59,"aplikasi busuk, padahal udah ada apk masih harus daftar lewat website lalu fungsi apk buat apa, masa cuman jadi papan berita doang"
Siddiq Hp pro two,2,2025-08-20 12:15:16,"Ini aplikasi bagaimana, mental mental terus?"
Astaman Game,1,2025-08-19 22:26:00,sangat ribet
jarisman Ferryanto Sembiring,1,2025-08-19 12:25:43,aplikasi gak guna.
adi djockel,2,2025-08-19 02:53:11,"Sebaik-baiknya aplikasi ini, harusnya pemerintah lah yang mendatangi masyarakat untuk melakukan pemungutan pajak pajak adalah ""BBM"" negara ini, sementara jika seseorang ingin membeli BBM kan harusnya orang itu yang menghampiri POM bukan sebaliknya"
Dewi Rara,1,2025-08-18 11:19:05,apk penipuan
Abubakar Muhammad,5,2025-08-17 12:40:11,dimudahkan
Tio Fajar,1,2025-08-16 05:41:13,aplikasi konyol
Noerdin Hidayat,5,2025-08-16 00:09:08,ok
William Soon,1,2025-08-15 19:45:20,PAJAK DIKORUPSI
Adi JK,5,2025-08-15 11:06:24,sangat membantu..
adi ramdan,1,2025-08-15 06:54:12,"emng bener di suruh wajib pajak ,mau bayar pajak sulit ribet,giliran gk di bayar di salahkan,indo indo"
Alfatih Pratama,1,2025-08-15 05:37:38,"mau bayar pajak aja susah, aplikasi lemot masuk ke aplikasi kode gak muncul2. kaya nya semua aplikasi pemerintah gini semua dah kaya sampah."
M. Fajar. Sidik,1,2025-08-15 05:29:17,jangan di download nanti nyesel ..
Haidar Halim,1,2025-08-15 03:07:49,"Tempo hari ditelpon orang DJP disuruh install ini tp Google Play nya dinonaktifkan dulu dan menu aksesibilitas aplikasi M-Pajak di halaman setting harus dinyalakan. Efeknya, m-banking saya ndak bisa dibuka (memu aksesibilitas harus nonaktif semua supaya aplikasi m-banking bisa dibuka). Karena m-banking lebih penting, jd saya nonaktifkan aksesibilitas nya M-Pajak. Eh besoknya aplikasi M-Pajak nya terhapus sendiri karena sistem mendeteksi ""sumber aplikasi tidak valid"" ğŸ¤£ğŸ¤£"
elyhot lubis,5,2025-08-15 01:06:56,Good
Fakboy,1,2025-08-14 21:53:01,apk sampah
Paijo paijan,1,2025-08-14 13:27:53,apk tertolol yang pernah ada
Ajeng Palupi,1,2025-08-14 11:54:27,pembuatan akun melalui Web nya parah banget.. udah sesuai Semua dan koneksi saya bagus ke refresh terus ! bikin PULSA HABIS KARENA UDAH 3 KALI KODE OTP MULU .. GILIRAN SEMUA SELSAI TINGGAL AJUKAN PERMOHONAN LOADING REFRESH SENDIRI.! PERCUMA DONG KATANYA BISA DAFTAR ONLINE TAPI AKHIRNYA KUDU KE KANTOR PAJAK JUGA !
geo arkas yah Abdul,5,2025-08-14 07:20:11,mantab
Nurwahida Tulhusna,5,2025-08-14 06:35:23,m Pajak no Ribet
cv elalin,5,2025-08-14 02:07:46,ok
Muhtadi Kria,5,2025-08-13 19:09:05,bagus
Fandi Techno,1,2025-08-13 09:04:47,"aplikasi apa ini login slalu gagal , pasword selalu salah , minta no kk minta no npwp slalu gagal , udah jelas jelas no npwp nya sama nik nya sama tapi tetep aja kendala user name salah aneh ya , coba coment yang sama bantu like biar di liat nih sama yang bikin aplikasi"
Amrah Wati08,4,2025-08-13 07:34:49,luar biasa sangat membantu
Agung Ardianto,1,2025-08-13 04:09:39,sistem eror terus
Great Lord,2,2025-08-13 00:34:44,sering error' saat login
Nobel Dj,4,2025-08-12 16:25:38,nice
muhlis,5,2025-08-12 01:34:49,sangat membantu
fuku Kichiro16,1,2025-08-11 23:44:57,aplikasi penipuan penjebol rekening jangan gunakan
M. Yusuf SM,5,2025-08-11 07:26:33,"Terima kasih atas pelayanannya, semoga lebih baik kedepannya."
Agus Naim,1,2025-08-11 06:37:23,orang mau buat Npwp harapannya dengan aplikasi atau website jadi lebih mudah. Di bikin mutermuter terus sama Aplikasi ini! Tiap kali Verifikasi nomor telpon itu di kenakan biaya pulsa setelah lanjut ke tahap berikutnya tibaÂ² server Down yang mengharus RE-LOAD mulai isi data dari awal dan di minta Verifikasi Data hingga nomor telpon. Bisa di Hitung kalo 1akun kena potongan Pulsa 2.000rupiah x5 karena kesalahan server udah 10.000 kalo dalam sehari ada 100orang yang gagal sudah dpat 1JUTA PULSA!!!
Black Gege,3,2025-08-10 04:37:01,Sistem selalu error tiap pengajuan lupa EFIN
Agung Waluya,1,2025-08-10 02:15:23,"dana ada, kenapa ngga di perbarui apk sejelek ini si? otp nomor ga muncul 2 jam, gimana mau jadi anggota wajib pajak? heran"
kamaluddin vlog-05,1,2025-08-09 16:34:09,aplikasi tiba masuk tapi keluar sendiri aneh ğŸ¤­ğŸ˜‚ğŸ˜‚
Poco M3,1,2025-08-07 14:55:07,susah masuk ke apk nya padaal udah beneer
Yerry Mavikar,1,2025-08-07 09:35:26,sangatt burukkkk
Fitri Cahyani,1,2025-08-07 08:30:13,ribet
classic class,1,2025-08-07 07:41:19,"hebat, email gw tiba tiba berubah, ya ga bisa nerima kode efin lah"
m.hidayat arbi,1,2025-08-07 04:49:16,aplikasi tidak berguna. sekelas pemerintah buat aplikasi seperti sampah tidak bisa di gunakan. hanya menghabiskan anggaran saja.
Vinz Pimen,1,2025-08-06 15:57:20,apk sama Web sama aja bobrok nya lemot eror terus Bukannya mempermudah masyarakat malah mempersulit
M Gilang Arya Putra Rachman,1,2025-08-06 11:55:08,Sulit kali dapetin EFIN ini ribet nya astaga aplikasi mahal mahal ko kaya gini udah bagus mau laporan pajak
Krisna Dwi Purnomo,1,2025-08-06 07:46:47,"Aplikasi yang membangkongkan. Tidak mencerminkan kata-kata online nya. Yang ada sama saja, ujung-ujungnya harus offline. (Kebanyakan omon-omon)"
Akbar Dido,1,2025-08-06 04:01:12,tidak sesuai harapan
Sucipto Cipto,5,2025-08-05 23:51:57,baik
Rofiqi,1,2025-08-05 14:50:21,Pegawai pajak ini kerja apa ngga ya sistem nya kok eror terus
Agung Nugraha,1,2025-08-05 08:42:18,aplikasi ribet
Rusman Naderung,1,2025-08-05 03:43:52,sekelas aplikasi pemerinta kayak plikasi bot uwang oprasionalnya kayaknya di korubsi jadi aplikasinya ecek ecek begini
Ninchi Cat,1,2025-08-04 08:15:58,"memang cocok kalian diberi bintang nol, bahkan bintang 1 pun kebagusan. kinerja tidak lebih baik dari anak ingusan. malu. bikin dan urus segala keperluan aja sulit."
estyQ qadrul,5,2025-08-04 05:26:30,Bisa mempermudah pekerjaan dalam melaporkan terkait dengan perpajakan
Dimas Prayoga,1,2025-08-03 05:01:24,lemot banget ahhk bikin emosi aja!!! dari dulu gak pernah dibenerin kocak!!!
chidmadijanto semarang,1,2025-08-02 22:07:02,penipu hati2 semua ini mencari data pribadi
Ham Dan,1,2025-08-02 20:42:58,"pajak di korup terus layanan buruk , bikin aplikasi burik hedeh capek , verifikasi pake pulsa . pas ke scrol datanya ilang ulangi dari awal verifikasi pake pulsa lagi , aturan macam apa ini"
Mas Opik,1,2025-08-02 14:42:53,"aplikasi ini dibuat dari uang pajak kami , tapi malah mempersulit hidup dan buang buang waktu sangaaatttttt anehhhh jangan hanya mau rakyat bayar pajak aja tapi buat aplikasi malah nyusahinnnnnnn"
Kos Wara,5,2025-08-02 08:59:52,mantap
Teguh Ramelan,5,2025-08-02 00:33:08,ok banget
Anang Firmansyah,1,2025-08-01 22:09:43,sandi sama pasword kok salah Mulu ya..padahal udah bener..kenapa kayak di persulit gtu bayar pajak ya..aneh
